{
    "percentage_found_in_dataset": 8.125,
    "full_string": {
        "top_1": 0.0010416666666666667,
        "top_3": 0.004166666666666667,
        "top_5": 0.008333333333333333,
        "top_10": 0.0125
    },
    "first_word": {
        "top_1": 0.004166666666666667,
        "top_3": 0.0125,
        "top_5": 0.020833333333333332,
        "top_10": 0.0375
    },
    "first_three_chars": {
        "top_1": 0.007291666666666667,
        "top_3": 0.022916666666666665,
        "top_5": 0.03229166666666667,
        "top_10": 0.058333333333333334
    }
}