{
    "percentage_found_in_dataset": 3.75,
    "full_string": {
        "top_1": 0.0020833333333333333,
        "top_3": 0.003125,
        "top_5": 0.004166666666666667,
        "top_10": 0.004166666666666667
    },
    "first_word": {
        "top_1": 0.003125,
        "top_3": 0.007291666666666667,
        "top_5": 0.009375,
        "top_10": 0.011458333333333333
    },
    "first_three_chars": {
        "top_1": 0.005208333333333333,
        "top_3": 0.009375,
        "top_5": 0.011458333333333333,
        "top_10": 0.016666666666666666
    }
}