{
    "percentage_found_in_dataset": 36.45833333333333,
    "full_string": {
        "top_1": 0.003125,
        "top_3": 0.004166666666666667,
        "top_5": 0.005208333333333333,
        "top_10": 0.007291666666666667
    },
    "first_word": {
        "top_1": 0.003125,
        "top_3": 0.004166666666666667,
        "top_5": 0.005208333333333333,
        "top_10": 0.007291666666666667
    },
    "first_three_chars": {
        "top_1": 0.009375,
        "top_3": 0.015625,
        "top_5": 0.025,
        "top_10": 0.040625
    }
}