{
    "percentage_found_in_dataset": 34.166666666666664,
    "full_string": {
        "top_1": 0.0020833333333333333,
        "top_3": 0.004166666666666667,
        "top_5": 0.00625,
        "top_10": 0.008333333333333333
    },
    "first_word": {
        "top_1": 0.0020833333333333333,
        "top_3": 0.004166666666666667,
        "top_5": 0.00625,
        "top_10": 0.009375
    },
    "first_three_chars": {
        "top_1": 0.005208333333333333,
        "top_3": 0.008333333333333333,
        "top_5": 0.020833333333333332,
        "top_10": 0.035416666666666666
    }
}