{
    "percentage_found_in_dataset": 7.187499999999999,
    "full_string": {
        "top_1": 0.0020833333333333333,
        "top_3": 0.00625,
        "top_5": 0.008333333333333333,
        "top_10": 0.009375
    },
    "first_word": {
        "top_1": 0.0020833333333333333,
        "top_3": 0.010416666666666666,
        "top_5": 0.014583333333333334,
        "top_10": 0.020833333333333332
    },
    "first_three_chars": {
        "top_1": 0.00625,
        "top_3": 0.021875,
        "top_5": 0.030208333333333334,
        "top_10": 0.04375
    }
}