{
    "percentage_found_in_dataset": 9.270833333333334,
    "full_string": {
        "top_1": 0.0,
        "top_3": 0.0020833333333333333,
        "top_5": 0.003125,
        "top_10": 0.005208333333333333
    },
    "first_word": {
        "top_1": 0.0,
        "top_3": 0.0020833333333333333,
        "top_5": 0.003125,
        "top_10": 0.005208333333333333
    },
    "first_three_chars": {
        "top_1": 0.0,
        "top_3": 0.003125,
        "top_5": 0.009375,
        "top_10": 0.013541666666666667
    }
}