{
    "percentage_found_in_dataset": 32.604166666666664,
    "full_string": {
        "top_1": 0.003125,
        "top_3": 0.00625,
        "top_5": 0.011458333333333333,
        "top_10": 0.016666666666666666
    },
    "first_word": {
        "top_1": 0.003125,
        "top_3": 0.00625,
        "top_5": 0.011458333333333333,
        "top_10": 0.016666666666666666
    },
    "first_three_chars": {
        "top_1": 0.00625,
        "top_3": 0.015625,
        "top_5": 0.027083333333333334,
        "top_10": 0.04583333333333333
    }
}