{
    "percentage_found_in_dataset": 7.291666666666667,
    "full_string": {
        "top_1": 0.0020833333333333333,
        "top_3": 0.00625,
        "top_5": 0.009375,
        "top_10": 0.014583333333333334
    },
    "first_word": {
        "top_1": 0.003125,
        "top_3": 0.011458333333333333,
        "top_5": 0.022916666666666665,
        "top_10": 0.046875
    },
    "first_three_chars": {
        "top_1": 0.004166666666666667,
        "top_3": 0.020833333333333332,
        "top_5": 0.034375,
        "top_10": 0.071875
    }
}