{
    "percentage_found_in_dataset": 30.208333333333332,
    "full_string": {
        "top_1": 0.0020833333333333333,
        "top_3": 0.003125,
        "top_5": 0.005208333333333333,
        "top_10": 0.011458333333333333
    },
    "first_word": {
        "top_1": 0.0020833333333333333,
        "top_3": 0.003125,
        "top_5": 0.005208333333333333,
        "top_10": 0.011458333333333333
    },
    "first_three_chars": {
        "top_1": 0.004166666666666667,
        "top_3": 0.014583333333333334,
        "top_5": 0.021875,
        "top_10": 0.04583333333333333
    }
}