{
    "percentage_found_in_dataset": 31.874999999999996,
    "full_string": {
        "top_1": 0.0010416666666666667,
        "top_3": 0.003125,
        "top_5": 0.005208333333333333,
        "top_10": 0.010416666666666666
    },
    "first_word": {
        "top_1": 0.0010416666666666667,
        "top_3": 0.003125,
        "top_5": 0.005208333333333333,
        "top_10": 0.011458333333333333
    },
    "first_three_chars": {
        "top_1": 0.007291666666666667,
        "top_3": 0.01875,
        "top_5": 0.025,
        "top_10": 0.03958333333333333
    }
}