{
    "percentage_found_in_dataset": 13.229166666666666,
    "full_string": {
        "top_1": 0.0,
        "top_3": 0.0010416666666666667,
        "top_5": 0.0020833333333333333,
        "top_10": 0.0020833333333333333
    },
    "first_word": {
        "top_1": 0.0,
        "top_3": 0.0010416666666666667,
        "top_5": 0.0020833333333333333,
        "top_10": 0.0020833333333333333
    },
    "first_three_chars": {
        "top_1": 0.0010416666666666667,
        "top_3": 0.005208333333333333,
        "top_5": 0.008333333333333333,
        "top_10": 0.013541666666666667
    }
}