{
    "percentage_found_in_dataset": 5.520833333333333,
    "full_string": {
        "top_1": 0.003125,
        "top_3": 0.007291666666666667,
        "top_5": 0.010416666666666666,
        "top_10": 0.0125
    },
    "first_word": {
        "top_1": 0.00625,
        "top_3": 0.011458333333333333,
        "top_5": 0.016666666666666666,
        "top_10": 0.020833333333333332
    },
    "first_three_chars": {
        "top_1": 0.007291666666666667,
        "top_3": 0.0125,
        "top_5": 0.019791666666666666,
        "top_10": 0.026041666666666668
    }
}