{
    "percentage_found_in_dataset": 5.520833333333333,
    "full_string": {
        "top_1": 0.0,
        "top_3": 0.0,
        "top_5": 0.0,
        "top_10": 0.0
    },
    "first_word": {
        "top_1": 0.0,
        "top_3": 0.0,
        "top_5": 0.0,
        "top_10": 0.0
    },
    "first_three_chars": {
        "top_1": 0.0,
        "top_3": 0.0,
        "top_5": 0.0010416666666666667,
        "top_10": 0.005208333333333333
    }
}