{
    "percentage_found_in_dataset": 2.2916666666666665,
    "full_string": {
        "top_1": 0.0020833333333333333,
        "top_3": 0.004166666666666667,
        "top_5": 0.00625,
        "top_10": 0.010416666666666666
    },
    "first_word": {
        "top_1": 0.008333333333333333,
        "top_3": 0.027083333333333334,
        "top_5": 0.036458333333333336,
        "top_10": 0.058333333333333334
    },
    "first_three_chars": {
        "top_1": 0.009375,
        "top_3": 0.029166666666666667,
        "top_5": 0.040625,
        "top_10": 0.06979166666666667
    }
}