{
    "percentage_found_in_dataset": 7.708333333333334,
    "full_string": {
        "top_1": 0.0020833333333333333,
        "top_3": 0.003125,
        "top_5": 0.00625,
        "top_10": 0.013541666666666667
    },
    "first_word": {
        "top_1": 0.005208333333333333,
        "top_3": 0.010416666666666666,
        "top_5": 0.019791666666666666,
        "top_10": 0.040625
    },
    "first_three_chars": {
        "top_1": 0.007291666666666667,
        "top_3": 0.015625,
        "top_5": 0.028125,
        "top_10": 0.059375
    }
}