{
    "percentage_found_in_dataset": 2.2916666666666665,
    "full_string": {
        "top_1": 0.0010416666666666667,
        "top_3": 0.003125,
        "top_5": 0.005208333333333333,
        "top_10": 0.008333333333333333
    },
    "first_word": {
        "top_1": 0.005208333333333333,
        "top_3": 0.016666666666666666,
        "top_5": 0.026041666666666668,
        "top_10": 0.040625
    },
    "first_three_chars": {
        "top_1": 0.008333333333333333,
        "top_3": 0.026041666666666668,
        "top_5": 0.03958333333333333,
        "top_10": 0.06354166666666666
    }
}