{
    "percentage_found_in_dataset": 6.5625,
    "full_string": {
        "top_1": 0.0,
        "top_3": 0.005208333333333333,
        "top_5": 0.00625,
        "top_10": 0.010416666666666666
    },
    "first_word": {
        "top_1": 0.0010416666666666667,
        "top_3": 0.009375,
        "top_5": 0.0125,
        "top_10": 0.022916666666666665
    },
    "first_three_chars": {
        "top_1": 0.004166666666666667,
        "top_3": 0.017708333333333333,
        "top_5": 0.027083333333333334,
        "top_10": 0.05
    }
}