{
    "percentage_found_in_dataset": 5.520833333333333,
    "full_string": {
        "top_1": 0.0010416666666666667,
        "top_3": 0.0020833333333333333,
        "top_5": 0.004166666666666667,
        "top_10": 0.00625
    },
    "first_word": {
        "top_1": 0.0020833333333333333,
        "top_3": 0.007291666666666667,
        "top_5": 0.011458333333333333,
        "top_10": 0.022916666666666665
    },
    "first_three_chars": {
        "top_1": 0.0020833333333333333,
        "top_3": 0.008333333333333333,
        "top_5": 0.014583333333333334,
        "top_10": 0.03125
    }
}