{
    "percentage_found_in_dataset": 25.937500000000004,
    "full_string": {
        "top_1": 0.0,
        "top_3": 0.0010416666666666667,
        "top_5": 0.0010416666666666667,
        "top_10": 0.003125
    },
    "first_word": {
        "top_1": 0.0010416666666666667,
        "top_3": 0.0020833333333333333,
        "top_5": 0.0020833333333333333,
        "top_10": 0.004166666666666667
    },
    "first_three_chars": {
        "top_1": 0.0010416666666666667,
        "top_3": 0.008333333333333333,
        "top_5": 0.011458333333333333,
        "top_10": 0.025
    }
}