{
    "percentage_found_in_dataset": 0.0,
    "full_string": {
        "top_1": 0.014248704663212436,
        "top_3": 0.014248704663212436,
        "top_5": 0.014248704663212436,
        "top_10": 0.023316062176165803
    },
    "first_word": {
        "top_1": 0.014248704663212436,
        "top_3": 0.014248704663212436,
        "top_5": 0.014248704663212436,
        "top_10": 0.023316062176165803
    },
    "first_three_chars": {
        "top_1": 0.0,
        "top_3": 0.0,
        "top_5": 0.0,
        "top_10": 0.0
    }
}