{
    "percentage_found_in_dataset": 0.0,
    "full_string": {
        "top_1": 0.009067357512953367,
        "top_3": 0.02266839378238342,
        "top_5": 0.023316062176165803,
        "top_10": 0.023316062176165803
    },
    "first_word": {
        "top_1": 0.009067357512953367,
        "top_3": 0.02266839378238342,
        "top_5": 0.023316062176165803,
        "top_10": 0.023316062176165803
    },
    "first_three_chars": {
        "top_1": 0.0,
        "top_3": 0.0,
        "top_5": 0.0,
        "top_10": 0.0
    }
}