{
    "percentage_found_in_dataset": 4.791666666666667,
    "full_string": {
        "top_1": 0.0,
        "top_3": 0.0020833333333333333,
        "top_5": 0.0020833333333333333,
        "top_10": 0.007291666666666667
    },
    "first_word": {
        "top_1": 0.003125,
        "top_3": 0.008333333333333333,
        "top_5": 0.0125,
        "top_10": 0.027083333333333334
    },
    "first_three_chars": {
        "top_1": 0.004166666666666667,
        "top_3": 0.0125,
        "top_5": 0.016666666666666666,
        "top_10": 0.03854166666666667
    }
}