{
    "percentage_found_in_dataset": 11.770833333333334,
    "full_string": {
        "top_1": 0.0,
        "top_3": 0.0,
        "top_5": 0.0,
        "top_10": 0.0010416666666666667
    },
    "first_word": {
        "top_1": 0.0,
        "top_3": 0.0,
        "top_5": 0.0,
        "top_10": 0.0010416666666666667
    },
    "first_three_chars": {
        "top_1": 0.0010416666666666667,
        "top_3": 0.0020833333333333333,
        "top_5": 0.003125,
        "top_10": 0.00625
    }
}