{
    "percentage_found_in_dataset": 35.104166666666664,
    "full_string": {
        "top_1": 0.0010416666666666667,
        "top_3": 0.0020833333333333333,
        "top_5": 0.0020833333333333333,
        "top_10": 0.004166666666666667
    },
    "first_word": {
        "top_1": 0.0010416666666666667,
        "top_3": 0.0020833333333333333,
        "top_5": 0.0020833333333333333,
        "top_10": 0.005208333333333333
    },
    "first_three_chars": {
        "top_1": 0.003125,
        "top_3": 0.008333333333333333,
        "top_5": 0.01875,
        "top_10": 0.041666666666666664
    }
}