{
    "percentage_found_in_dataset": 2.5,
    "full_string": {
        "top_1": 0.0,
        "top_3": 0.0020833333333333333,
        "top_5": 0.004166666666666667,
        "top_10": 0.00625
    },
    "first_word": {
        "top_1": 0.0010416666666666667,
        "top_3": 0.00625,
        "top_5": 0.010416666666666666,
        "top_10": 0.017708333333333333
    },
    "first_three_chars": {
        "top_1": 0.0020833333333333333,
        "top_3": 0.007291666666666667,
        "top_5": 0.0125,
        "top_10": 0.019791666666666666
    }
}