{
    "percentage_found_in_dataset": 32.1875,
    "full_string": {
        "top_1": 0.003125,
        "top_3": 0.00625,
        "top_5": 0.011458333333333333,
        "top_10": 0.015625
    },
    "first_word": {
        "top_1": 0.003125,
        "top_3": 0.00625,
        "top_5": 0.011458333333333333,
        "top_10": 0.015625
    },
    "first_three_chars": {
        "top_1": 0.007291666666666667,
        "top_3": 0.01875,
        "top_5": 0.030208333333333334,
        "top_10": 0.041666666666666664
    }
}