{
    "percentage_found_in_dataset": 1.3541666666666667,
    "full_string": {
        "top_1": 0.003125,
        "top_3": 0.004166666666666667,
        "top_5": 0.005208333333333333,
        "top_10": 0.00625
    },
    "first_word": {
        "top_1": 0.004166666666666667,
        "top_3": 0.013541666666666667,
        "top_5": 0.016666666666666666,
        "top_10": 0.021875
    },
    "first_three_chars": {
        "top_1": 0.004166666666666667,
        "top_3": 0.014583333333333334,
        "top_5": 0.01875,
        "top_10": 0.025
    }
}