{
    "percentage_found_in_dataset": 8.541666666666666,
    "full_string": {
        "top_1": 0.0010416666666666667,
        "top_3": 0.003125,
        "top_5": 0.008333333333333333,
        "top_10": 0.011458333333333333
    },
    "first_word": {
        "top_1": 0.004166666666666667,
        "top_3": 0.009375,
        "top_5": 0.016666666666666666,
        "top_10": 0.03125
    },
    "first_three_chars": {
        "top_1": 0.007291666666666667,
        "top_3": 0.017708333333333333,
        "top_5": 0.027083333333333334,
        "top_10": 0.04791666666666667
    }
}