{
    "percentage_found_in_dataset": 32.5,
    "full_string": {
        "top_1": 0.003125,
        "top_3": 0.003125,
        "top_5": 0.00625,
        "top_10": 0.007291666666666667
    },
    "first_word": {
        "top_1": 0.003125,
        "top_3": 0.003125,
        "top_5": 0.00625,
        "top_10": 0.007291666666666667
    },
    "first_three_chars": {
        "top_1": 0.004166666666666667,
        "top_3": 0.010416666666666666,
        "top_5": 0.015625,
        "top_10": 0.022916666666666665
    }
}