{
    "percentage_found_in_dataset": 4.375,
    "full_string": {
        "top_1": 0.003125,
        "top_3": 0.003125,
        "top_5": 0.003125,
        "top_10": 0.005208333333333333
    },
    "first_word": {
        "top_1": 0.005208333333333333,
        "top_3": 0.008333333333333333,
        "top_5": 0.008333333333333333,
        "top_10": 0.011458333333333333
    },
    "first_three_chars": {
        "top_1": 0.005208333333333333,
        "top_3": 0.008333333333333333,
        "top_5": 0.008333333333333333,
        "top_10": 0.0125
    }
}