{
    "percentage_found_in_dataset": 5.9375,
    "full_string": {
        "top_1": 0.0,
        "top_3": 0.003125,
        "top_5": 0.004166666666666667,
        "top_10": 0.009375
    },
    "first_word": {
        "top_1": 0.003125,
        "top_3": 0.008333333333333333,
        "top_5": 0.0125,
        "top_10": 0.022916666666666665
    },
    "first_three_chars": {
        "top_1": 0.004166666666666667,
        "top_3": 0.014583333333333334,
        "top_5": 0.022916666666666665,
        "top_10": 0.0375
    }
}