{
    "percentage_found_in_dataset": 36.666666666666664,
    "full_string": {
        "top_1": 0.0010416666666666667,
        "top_3": 0.003125,
        "top_5": 0.007291666666666667,
        "top_10": 0.0125
    },
    "first_word": {
        "top_1": 0.0010416666666666667,
        "top_3": 0.003125,
        "top_5": 0.007291666666666667,
        "top_10": 0.014583333333333334
    },
    "first_three_chars": {
        "top_1": 0.005208333333333333,
        "top_3": 0.019791666666666666,
        "top_5": 0.03125,
        "top_10": 0.05416666666666667
    }
}