{
    "percentage_found_in_dataset": 3.229166666666667,
    "full_string": {
        "top_1": 0.0020833333333333333,
        "top_3": 0.004166666666666667,
        "top_5": 0.005208333333333333,
        "top_10": 0.009375
    },
    "first_word": {
        "top_1": 0.003125,
        "top_3": 0.005208333333333333,
        "top_5": 0.008333333333333333,
        "top_10": 0.0125
    },
    "first_three_chars": {
        "top_1": 0.003125,
        "top_3": 0.005208333333333333,
        "top_5": 0.008333333333333333,
        "top_10": 0.0125
    }
}