{
    "percentage_found_in_dataset": 9.6875,
    "full_string": {
        "top_1": 0.0010416666666666667,
        "top_3": 0.0010416666666666667,
        "top_5": 0.003125,
        "top_10": 0.004166666666666667
    },
    "first_word": {
        "top_1": 0.0010416666666666667,
        "top_3": 0.003125,
        "top_5": 0.005208333333333333,
        "top_10": 0.00625
    },
    "first_three_chars": {
        "top_1": 0.0010416666666666667,
        "top_3": 0.004166666666666667,
        "top_5": 0.00625,
        "top_10": 0.007291666666666667
    }
}