{
    "percentage_found_in_dataset": 6.354166666666666,
    "full_string": {
        "top_1": 0.0,
        "top_3": 0.005208333333333333,
        "top_5": 0.008333333333333333,
        "top_10": 0.010416666666666666
    },
    "first_word": {
        "top_1": 0.0010416666666666667,
        "top_3": 0.010416666666666666,
        "top_5": 0.015625,
        "top_10": 0.025
    },
    "first_three_chars": {
        "top_1": 0.003125,
        "top_3": 0.017708333333333333,
        "top_5": 0.023958333333333335,
        "top_10": 0.0375
    }
}