{
    "percentage_found_in_dataset": 2.7083333333333335,
    "full_string": {
        "top_1": 0.0010416666666666667,
        "top_3": 0.004166666666666667,
        "top_5": 0.00625,
        "top_10": 0.009375
    },
    "first_word": {
        "top_1": 0.004166666666666667,
        "top_3": 0.0125,
        "top_5": 0.015625,
        "top_10": 0.019791666666666666
    },
    "first_three_chars": {
        "top_1": 0.004166666666666667,
        "top_3": 0.0125,
        "top_5": 0.015625,
        "top_10": 0.021875
    }
}