{
    "percentage_found_in_dataset": 31.458333333333332,
    "full_string": {
        "top_1": 0.0020833333333333333,
        "top_3": 0.003125,
        "top_5": 0.003125,
        "top_10": 0.00625
    },
    "first_word": {
        "top_1": 0.0020833333333333333,
        "top_3": 0.003125,
        "top_5": 0.004166666666666667,
        "top_10": 0.007291666666666667
    },
    "first_three_chars": {
        "top_1": 0.004166666666666667,
        "top_3": 0.009375,
        "top_5": 0.017708333333333333,
        "top_10": 0.03125
    }
}