{
    "percentage_found_in_dataset": 0.0,
    "full_string": {
        "top_1": 0.0,
        "top_3": 0.0019430051813471502,
        "top_5": 0.0025906735751295338,
        "top_10": 0.011010362694300517
    },
    "first_word": {
        "top_1": 0.0,
        "top_3": 0.0019430051813471502,
        "top_5": 0.0025906735751295338,
        "top_10": 0.011010362694300517
    },
    "first_three_chars": {
        "top_1": 0.0,
        "top_3": 0.0,
        "top_5": 0.0,
        "top_10": 0.0
    }
}