{
    "percentage_found_in_dataset": 23.958333333333336,
    "full_string": {
        "top_1": 0.0010416666666666667,
        "top_3": 0.0020833333333333333,
        "top_5": 0.0020833333333333333,
        "top_10": 0.0020833333333333333
    },
    "first_word": {
        "top_1": 0.0010416666666666667,
        "top_3": 0.0020833333333333333,
        "top_5": 0.0020833333333333333,
        "top_10": 0.0020833333333333333
    },
    "first_three_chars": {
        "top_1": 0.0020833333333333333,
        "top_3": 0.007291666666666667,
        "top_5": 0.010416666666666666,
        "top_10": 0.019791666666666666
    }
}